{
  "activateSkinCapeForUserVersion": false,
  "skipHashsumValidation": false,
  "additionalFiles": [
    {
      "sha1": "6d6d5a3d45931840c6af826f7c0a140be4924cf8",
      "size": 18578667,
      "path": "libraries/net/minecraft/client/1.19.4-20230314.122934/client-1.19.4-20230314.122934-srg.jar",
      "url": "http://res.tlauncher.org/unb/libraries/cache/net/minecraft/client/1.19.4-20230314.122934/client-1.19.4-20230314.122934-srg.jar"
    },
    {
      "sha1": "d44f321e27611c58f14f835bcac46d6fea32c936",
      "size": 11066539,
      "path": "libraries/net/minecraft/client/1.19.4-20230314.122934/client-1.19.4-20230314.122934-extra.jar",
      "url": "http://res.tlauncher.org/unb/libraries/cache/net/minecraft/client/1.19.4-20230314.122934/client-1.19.4-20230314.122934-extra.jar"
    },
    {
      "sha1": "a03ca511dc603176138ea0bba2e47db63024754a",
      "size": 12410103,
      "path": "libraries/net/minecraft/client/1.19.4-20230314.122934/client-1.19.4-20230314.122934-slim.jar",
      "url": "http://res.tlauncher.org/unb/libraries/cache/net/minecraft/client/1.19.4-20230314.122934/client-1.19.4-20230314.122934-slim.jar"
    },
    {
      "sha1": "f14771b764f943c154d3a6fcb47694477e328148",
      "size": 7844191,
      "path": "libraries/net/minecraft/client/1.19.4-20230314.122934/client-1.19.4-20230314.122934-mappings.txt",
      "url": "http://res.tlauncher.org/unb/libraries/cache/net/minecraft/client/1.19.4-20230314.122934/client-1.19.4-20230314.122934-mappings.txt"
    },
    {
      "sha1": "2d7642f3c9a8af598c27695dddde73bf60e85912",
      "size": 2673283,
      "path": "libraries/net/minecraftforge/forge/1.19.4-45.1.2/forge-1.19.4-45.1.2-universal.jar",
      "url": "http://res.tlauncher.org/unb/libraries/cache/net/minecraftforge/forge/1.19.4-45.1.2/forge-1.19.4-45.1.2-universal.jar"
    },
    {
      "sha1": "7a543880cf870cb6df9efeae479f7ca0fdfd1bc4",
      "size": 5467201,
      "path": "libraries/net/minecraftforge/forge/1.19.4-45.1.2/forge-1.19.4-45.1.2-client.jar",
      "url": "http://res.tlauncher.org/unb/libraries/cache/net/minecraftforge/forge/1.19.4-45.1.2/forge-1.19.4-45.1.2-client.jar"
    },
    {
      "sha1": "899342c84884ed40a9d9f6f1b28e8cbb049baa4c",
      "size": 116107,
      "path": "libraries/net/minecraftforge/fmlcore/1.19.4-45.1.2/fmlcore-1.19.4-45.1.2.jar",
      "url": "http://res.tlauncher.org/unb/libraries/cache/net/minecraftforge/fmlcore/1.19.4-45.1.2/fmlcore-1.19.4-45.1.2.jar"
    },
    {
      "sha1": "18facca46bb0ef7e2fc2066a207a52b9493e7aa0",
      "size": 16351,
      "path": "libraries/net/minecraftforge/javafmllanguage/1.19.4-45.1.2/javafmllanguage-1.19.4-45.1.2.jar",
      "url": "http://res.tlauncher.org/unb/libraries/cache/net/minecraftforge/javafmllanguage/1.19.4-45.1.2/javafmllanguage-1.19.4-45.1.2.jar"
    },
    {
      "sha1": "181adff94180c9432ea9ab7d38f8b89c90dcad8e",
      "size": 4987,
      "path": "libraries/net/minecraftforge/mclanguage/1.19.4-45.1.2/mclanguage-1.19.4-45.1.2.jar",
      "url": "http://res.tlauncher.org/unb/libraries/cache/net/minecraftforge/mclanguage/1.19.4-45.1.2/mclanguage-1.19.4-45.1.2.jar"
    },
    {
      "sha1": "f8c1382e98900e0ca6a6e0205dfd6d291f8429d0",
      "size": 7377,
      "path": "libraries/net/minecraftforge/lowcodelanguage/1.19.4-45.1.2/lowcodelanguage-1.19.4-45.1.2.jar",
      "url": "http://res.tlauncher.org/unb/libraries/cache/net/minecraftforge/lowcodelanguage/1.19.4-45.1.2/lowcodelanguage-1.19.4-45.1.2.jar"
    }
  ],
  "tlauncherVersion": 0,
  "source": "local_version_repo",
  "skinVersion": false,
  "updatedTime": "2023-03-10T15:56:26+03:00"
}